CODE,LAST_UPDATE,TITLE,OWNER,HOLDER
4981932021072,2022-10-14 17:26:29.886421,ホビージャパン　ドミニオン基本カードセット,DICE,ClubRoom
4981932020723,2022-10-14 17:32:56.871587,ドミニオン　拡張セット第3弾：錬金術　日本語版 ＜Rio Grande Games/ホビージャパン＞,DICE,ClubRoom
4981932021270,2022-10-14 17:34:56.025789,ドミニオン ギルド 日本語版,DICE,ClubRoom
655132005586,2022-10-14 17:35:06.414443,ボードゲーム Dominion: Renaissance Expansion 輸入版 日本語説明書なし,DICE,ClubRoom
4981932023571,2022-10-14 17:35:13.595516,ホビージャパン ドミニオン 拡張セット ドミニオン：夜想曲 日本語版,DICE,ClubRoom
4981932020891,2022-10-14 17:35:21.483419,中古ボードゲーム ドミニオン 収穫祭 日本語版 (Dominion： Cornucopia),DICE,ClubRoom
4981932021003,2022-10-14 17:35:29.268539,ホビージャパン ドミニオン拡張セット 異郷 (Dominion: Hinterlands) 日本語版 (2-4人用 30分 8才以上向け) ボードゲー,DICE,ClubRoom
4538057005083,2022-10-14 17:35:57.114357,カタンの開拓者たち 騎士と古城,DICE,ClubRoom
4981932020846,2022-10-14 17:36:29.983674,ホビージャパン ドミニオン拡張セット 繁栄 (Dominion: Prosperity) (日本語版) (2-4人用 30分 8才以上向け) ボードゲー?,DICE,ClubRoom
4981932020501,2022-10-14 17:36:35.982651,ボードゲーム　ドミニオン　陰謀　日本語版　送料無料,DICE,ClubRoom
4981932023069,2022-10-14 17:37:07.566277,ホビージャパン　ドミニオン：第二版 日本語版,yashi,ClubRoom
9783930635269,2022-10-14 17:37:50.781617,中古ボードゲーム [ランクB] スティーブンソンロケット (Stephensons Rocket) [日本語訳付き],DICE,ClubRoom
4011898040418,2022-10-14 17:38:12.507282,送料無料！ ハンザ Hansa,DICE,ClubRoom
700304004581,2022-10-14 17:38:43.698183,Risk the game of stratefic conquest,DICE,ClubRoom
4981932022628,2022-10-14 17:38:53.849815,ドミニオン 帝国 日本語版,DICE,ClubRoom
4589957330027,2022-10-14 17:39:22.790430,御用達,DICE,ClubRoom
4981932020570,2022-10-14 17:40:17.512052,ホビージャパン ドミニオン拡張セット 海辺 (Dominion: Seaside) (日本語版) (2-4人用 30分 8才以上向け) ボー,DICE,ClubRoom
4981932020457,2022-10-14 17:40:32.210907,中古ボードゲーム ドミニオン 日本語版 (Dominion),DICE,ClubRoom
4981932021966,2022-10-14 17:40:41.490580,ドミニオン 拡張セット ドミニオン：冒険 日本語版,DICE,ClubRoom
3760146643123,2022-10-14 17:40:51.281754,ボードゲーム 英語 アメリカ CPT01 Captain Sonar,DICE,ClubRoom
4977524481133,2022-10-14 17:41:15.980492,Blokus,DICE,ClubRoom
4021505981034,2022-10-14 17:41:42.721065,Can't stop,DICE,ClubRoom
4001504490072,2022-10-14 17:42:21.425478,DIE OSTER INSEL,DICE,ClubRoom
689076989299,2022-10-14 17:43:06.378814,Khet -strategy at the speed of light-,DICE,ClubRoom
4560450500049,2022-10-14 17:43:19.265873,テラミスティカ　日本語版,DICE,ClubRoom
4010168046457,2022-10-14 17:44:23.228249,TIER auf TIER -Das grobe Abenteuer-,DICE,ClubRoom
4542325316023,2022-10-14 17:44:51.132292,イーオンズ・エンド 完全日本語版,yashi,ClubRoom
4543471001535,2022-10-14 17:45:07.883732,(ボードゲーム)カタンの開拓者たち スタンダード版 日本語版 (The Settlers of Catan)(J：1535),DICE,ClubRoom
3558380011743,2022-10-14 17:45:31.322932,DiXit,DICE,ClubRoom
3558380032403,2022-10-14 17:46:02.133159,ホビージャパン (再生産)ブラッディ・イン 日本語版ボードゲーム 返品種別B,DICE,ClubRoom
4981932023397,2022-10-14 17:46:18.170796,宝石の煌き：都市日本語版(CitiesofSplendor),DICE,ClubRoom
9780975277324,2022-10-14 17:47:03.323761,Ticket to ride,DICE,ClubRoom
4560450500124,2022-10-14 17:47:19.836291,テラミスティカ：拡張　氷と炎　日本語版（二版）/Feuerland Spiele・テンデイスゲームズ,DICE,ClubRoom
681706070735,2022-10-14 17:48:13.909110,The Secret of Monte Cristo,DICE,ClubRoom
4542325409107,2022-10-14 17:48:23.362497,中古ボードゲーム エミネント・ドメイン 完全日本語版 (Eminent Domain),DICE,ClubRoom
4975431891786,2022-10-14 17:49:42.583815,Axis U.C.0078 ガンダムマルチプレイヤーズゲーム,DICE,ClubRoom
4562283110549,2022-10-14 17:50:47.844926,女子高制服百貨かるた 全48校,DICE,ClubRoom
4542325310823,2022-10-14 17:51:04.892566,中古ボードゲーム アルケミスト 完全日本語版 (Alchemists),DICE,ClubRoom
4981932022925,2022-10-14 17:51:15.635151,ホビージャパン　ワインと毒とゴブレット 日本語版,DICE,ClubRoom
8594156310011,2022-10-14 17:51:24.149201,中古ボードゲーム [日本語訳無し] ギャラクシー・トラッカー (Galaxy Trucker),DICE,ClubRoom
3770000904345,2022-10-14 17:51:37.068444,中古ボードゲーム [日本語訳無し] ニューヨーク1901 多言語版 (New York 1901),DICE,ClubRoom
824968726990,2022-10-14 17:52:14.257378,Small World Underground,DICE,ClubRoom
824968726013,2022-10-14 17:52:27.062987,【2022年10月下旬 再販予約商品】スモールワールド 日本語版,DICE,ClubRoom
5425016920558,2022-10-14 17:53:50.149382,7WONDERS,DICE,ClubRoom
4981932023991,2022-10-14 17:54:33.513266,ホビージャパン シドマイヤーズ シヴィライゼーション: 新たな夜明け 日本語版 (2-4人用 1-2時間 14才以上向け) ボードゲーム,DICE,ClubRoom
4981932024790,2022-10-14 17:54:54.078445,ホビージャパン チーム3：ピンク ボードゲーム 4981932024790【倉庫取寄せ】,DICE,ClubRoom
4981932024783,2022-10-14 17:55:48.498813,ホビージャパン チーム３(グリーン) 日本語版 ボードゲーム 4981932024783【在庫品】,DICE,ClubRoom
4005556266203,2022-10-14 17:55:55.976044,中古ボードゲーム ベガス 日本語版 (LAS VEGAS),DICE,ClubRoom
4001504481254,2022-10-14 17:56:06.901589,中古ボードゲーム カルカソンヌ ドイツ語版 (Carcassonne) [日本語訳付き],DICE,ClubRoom
4580215110337,2022-10-14 17:56:18.758729,ごきぶりデュエル 日本語版　3-512019111504,DICE,ClubRoom
4005556810161,2022-10-14 17:56:33.231228,ボードゲーム スコットランドヤード Scotland yard,DICE,ClubRoom
4560450500438,2022-10-14 17:56:42.554082,テンデイズゲームズ　キングドミノ日本語版,DICE,ClubRoom
4573538060052,2022-10-14 17:56:48.647476,Q.E. 日本語版,yashi,ClubRoom
4981932020433,2022-10-14 17:57:28.745479,中古ボードゲーム アグリコラ 日本語版 (Agricola),DICE,ClubRoom
4562283112437,2022-10-14 17:57:39.123818,幻冬舎 カタカナーシ カードゲーム ボードゲーム パーティーゲーム ファミリーゲーム コミュニケーション,DICE,ClubRoom
4571398990137,2022-10-14 17:57:42.826746,"ブラックストーリーズ2:鳥肌の立つ“黒い""物語/コザイク(Cosaic)",DICE,ClubRoom
4571394090787,2022-10-14 17:57:47.035311,【おまけ付き A】トマトマト　(ボードゲーム カードゲーム),DICE,ClubRoom
4570041060012,2022-10-14 17:58:09.769589,SCOUT! カードゲーム,DICE,ClubRoom
71404310392,2022-10-14 17:58:22.862815,Clue,DICE,ClubRoom
9784344977051,2022-10-14 17:59:00.706793,どうぶつしょうぎ   /幻冬舎エデュケ-ション (大型本) 中古,DICE,ClubRoom
4010350060261,2022-10-14 17:59:08.642640,アルハンブラ（Alhambra） 新品 ボードゲーム アナログゲーム テーブルゲーム ボドゲ,DICE,ClubRoom
4542325120316,2022-10-14 17:59:20.119592,【おまけ付き A】ito (イト)　(ボードゲーム カードゲーム),DICE,ClubRoom
4542325402030,2022-10-14 17:59:49.736452,中古ボードゲーム コズミック・エンカウンター拡張セット 銀河強襲 完全日本語版 (Cosmic Encounter： Co,DICE,ClubRoom
4562365270253,2022-10-14 17:59:54.492616,ニューゲームズオーダー テーブルゲーム コヨーテボードゲーム 返品種別B,DICE,ClubRoom
4580215110115,2022-10-14 18:00:10.779316,メビウスゲームズ/すごろくや　お邪魔者2 日本語版 (Saboteur 2),DICE,ClubRoom
4571398990113,2022-10-14 18:00:29.833885,コザイク ブラックストーリーズ: 50の“黒い物語 (2人以上用 2-222分 12才以上向け) ボードゲーム,DICE,ClubRoom
4260071876935,2022-10-14 18:00:48.325989,Borsenspiel,DICE,ClubRoom
4542325402016,2022-10-14 18:01:28.738569,Cosmic encounter 完全日本語版,DICE,ClubRoom
3558380060475,2022-10-14 18:01:49.168474,ホビージャパン アンロック エキゾチックアドベンチャー 日本語版 (1-6人用 60分 10才以上向け) ボードゲーム,DICE,ClubRoom
4010350060308,2022-10-14 18:01:55.230474,中古ボードゲーム [日本語訳無し] アルハンブラ 拡張セット ドイツ語版 (,DICE,ClubRoom
801561016000,2022-10-14 18:02:12.660564,Tetris Link,DICE,ClubRoom
27084803341,2022-10-14 18:02:35.748734,ブロックス　デュオ,DICE,ClubRoom
3760175512452,2022-10-14 18:02:57.243243,medieval academy,DICE,ClubRoom
856934004009,2022-10-14 18:03:15.805134,Boss Monster,DICE,ClubRoom
4562344220033,2022-10-14 18:03:40.503969,INKLUDE 墨の魔術師,DICE,ClubRoom
4005556269365,2022-10-14 18:03:48.314701,中古ボードゲーム グレンモア ドイツ語版 (Glen More) [日本語訳付き],DICE,ClubRoom
4542325310601,2022-10-14 18:03:54.576289,中古ボードゲーム 悪魔城への馬車 完全日本語版 (The Castle of the Devil),DICE,ClubRoom
4001504481230,2022-10-14 18:04:17.270333,中古ボードゲーム あやつり人形 ドイツ語版 (Ohne Furcht und Adel) [日本語訳付き],DICE,ClubRoom
3760175510908,2022-10-14 18:04:36.767926,タイタニウム・ウォーズ (Titanium Wars),DICE,ClubRoom
3558380081586,2022-10-14 18:04:55.031359,スカル skull　/　HOBBY JAPAN　ボードゲーム カードゲーム　中学生　高校生　子供と家族と,DICE,ClubRoom
4580439940130,2022-10-14 18:05:00.973126,アテッコ(ATEKKO)/JELLY JELLY GAMES/スヲさんち　ラッピング無料サービス,DICE,ClubRoom
4001504481346,2022-10-14 18:05:10.627470,中古ボードゲーム カルカソンヌ2 -原始の営み- (Carcassonne： Die Jager und Sammler),DICE,ClubRoom
4571398990298,2022-10-14 18:05:20.613561,TATEWARI（縦割り） 新品  ボードゲーム アナログゲーム テーブルゲーム ボドゲ,DICE,ClubRoom
9789078436010,2022-10-14 18:05:40.805620,Day Night,DICE,ClubRoom
4573351970019,2022-10-14 18:06:01.707341,マタンガ！,DICE,ClubRoom
718122625147,2022-10-14 18:07:03.271850,Tumbling Dice,DICE,ClubRoom
9783939794387,2022-10-14 18:07:38.091959,Handelsfursten Herren der meere,DICE,ClubRoom
4001504481834,2022-10-14 18:08:02.941316,ストーンエイジ (Stone Age) 新品  ボードゲーム アナログゲーム テーブルゲーム ボドゲ,DICE,ClubRoom
4001504490089,2022-10-14 18:08:09.205924,レベルX Level X,DICE,ClubRoom
4001504481407,2022-10-14 18:08:18.877793,中古ボードゲーム サンクトペテルブルク ドイツ語版 (Saint Petersburg) [日本語訳付き],DICE,ClubRoom
4981932023762,2022-10-14 18:08:27.678401,ホビージャパン アンロック! シークレットアドベンチャー 日本語版 (2-6人用 60分 10才以上向け) ボードゲーム,DICE,ClubRoom
4573454890153,2022-10-14 18:08:36.885220,新幕 桜降る代に決闘を 第弐拡張：神語転晴,DICE,ClubRoom
4573454890191,2022-10-14 18:08:41.750001,新幕 桜降る代に決闘を 第四拡張：大洋航路,DICE,ClubRoom
4573454890122,2022-10-14 18:08:45.879656,新幕 桜降る代に決闘を 基本セット,DICE,ClubRoom
5700004000178,2022-10-14 18:09:27.860396,Opus-Dei,DICE,ClubRoom
4542325457412,2022-10-14 18:09:33.597305,戦国大名カードゲーム ~くにとりっ!外伝 決戦萌ヶ原^,DICE,ClubRoom
4010168044484,2022-10-14 18:09:40.604734,Eiertanz [おもちゃ＆ホビー],DICE,ClubRoom
5425016920619,2022-10-14 18:10:06.025957,7WONDERS LEADERS,DICE,ClubRoom
3558380011798,2022-10-14 18:10:13.955652,ホビージャパン オリンポス (OLYMPOS) 多言語版 (3-5人用 90分 10才以上向け) ボードゲーム,DICE,ClubRoom
4000826011972,2022-10-14 18:10:51.225188,PIRANHA PEDRO,DICE,ClubRoom
4562227550059,2022-10-14 18:11:18.658619,Grimoire,DICE,ClubRoom
4562452240176,2022-10-14 18:11:23.471031,Blade Rondo Night Theater ブレイドロンド ナイトシアター カードゲーム ボードゲーム,DICE,ClubRoom
4562365270055,2022-10-14 18:11:28.274070,酔いどれ猫のブルース 日本語版,DICE,ClubRoom
4543112067593,2022-10-14 18:11:32.563538,あいのり　カードゲーム,DICE,ClubRoom
4571394090282,2022-10-14 18:11:42.863560,死ぬまでにピラミッド,DICE,ClubRoom
4542325508046,2022-10-14 18:11:53.881329,中古ボードゲーム キャット＆チョコレート -幽霊屋敷編-,DICE,ClubRoom
9781589944602,2022-10-14 18:12:25.659874,Battlestar Galactica -the board game-,DICE,ClubRoom
4542325406069,2022-10-14 18:12:34.642800,ストラグル・オブ・エンパイア 完全日本語版 新品  ボードゲーム アナログゲーム テーブルゲーム ボドゲ,DICE,ClubRoom
714043010192,2022-10-14 18:12:48.782407,デラックスピット (Deluxe Pit) カードゲーム,DICE,ClubRoom
4571394090152,2022-10-14 18:12:56.631465,中古ボードゲーム トロル -TROLL-,DICE,ClubRoom
4571394090770,2022-10-14 18:13:07.332687,フロッサム ファイト（Flotsam Fight）(オインクゲームズ) 新品  カードゲーム アナログゲーム テーブルゲーム ボドゲ,DICE,ClubRoom
3760146642072,2022-10-14 18:13:17.307118,バロニィ （Barony）,DICE,ClubRoom
4589957330010,2022-10-14 18:13:39.361856,ひつじとどろぼう 新品  ボードゲーム アナログゲーム テーブルゲーム ボドゲ,DICE,ClubRoom
4007396201550,2022-10-14 18:13:56.765169,ボードゲーム カードゲーム ニムト 送料無料 15時までのご注文で当日出荷,DICE,ClubRoom
4542325404713,2022-10-14 18:14:02.185814,アークライト 5本のキュウリ 完全日本語版,DICE,ClubRoom
4571394090138,2022-10-14 18:14:08.509196,Oink Games エセ芸術家ニューヨークへ行く 紙 5~10人用 8歳以上,DICE,ClubRoom
4580519550013,2022-10-14 18:14:22.655879,中古ボードゲーム パラレルワールド,DICE,ClubRoom
681706040639,2022-10-14 18:15:09.879372,onirim,DICE,ClubRoom
4571394090114,2022-10-14 18:15:16.909559,ダンジョンオブマンダム 新品  カードゲーム アナログゲーム テーブルゲーム ボドゲ,DICE,ClubRoom
4007396049008,2022-10-14 18:15:24.296383,Saboteur. Kartenspiel: Fur 3 -10 Spieler ab 8 Jahren . Spieldauer: 30 Minut,DICE,ClubRoom
4560474750024,2022-10-14 18:15:28.522406,中古ボードゲーム 経済TCG エコノミカ スターターデッキ,DICE,ClubRoom
4510417193241,2022-10-14 18:16:27.594985,Aquarian Age -レミリア・スウェーデンボルグ-,DICE,ClubRoom
9784894256996,2022-10-14 18:16:57.935214,スリードラゴンアンティ,DICE,ClubRoom
4005556272617,2022-10-14 18:17:59.825114,Dilemma,DICE,ClubRoom
4250231754517,2022-10-14 18:18:07.312300,Village  ビレッジ,DICE,ClubRoom
681706070506,2022-10-14 18:18:56.066153,Hansa Geutonica,DICE,ClubRoom
681706070698,2022-10-14 18:19:00.771111,中古ボードゲーム ルナ (Luna) [日本語訳付き],DICE,ClubRoom
76930401965,2022-10-14 18:19:25.520666,HISTORY OF THE WORLD,DICE,ClubRoom
4002051682415,2022-10-14 18:19:42.565569,Der weibe Lotus,DICE,ClubRoom
9781427616579,2022-10-14 18:19:59.833810,municipium,DICE,ClubRoom
8005125690527,2022-10-14 18:20:19.321795,Wild Life,DICE,ClubRoom
4041076001108,2022-10-14 18:21:09.104974,TROIA,DICE,ClubRoom
4001504481063,2022-10-14 18:21:40.621605,Auf heller und Pfennig,DICE,ClubRoom
4981932023441,2022-10-14 18:21:49.704810,ホビージャパン アンロック ミステリーアドベンチャー 日本語版 (2-6人用 60分 10才以上向け) ボードゲーム,DICE,ClubRoom
4001504408435,2022-10-14 18:22:22.619105,Kaker laken tuppe,DICE,ClubRoom
4981932020549,2022-10-14 18:22:55.836366,ホビージャパン コロッサル・アリーナ ボードゲーム 4981932020549【倉庫取寄せ】,DICE,ClubRoom
4582208130032,2022-10-14 18:23:26.538223,中古ボードゲーム オーナーズチョイス (Owner’s Choice),DICE,ClubRoom
4001504481131,2022-10-14 18:23:45.315216,Koing & Intrigant,DICE,ClubRoom
4005556269235,2022-10-14 18:23:56.304096,中古ボードゲーム [日本語訳無し] 宝石商 (Edel. Stein ＆ Reich),DICE,ClubRoom
4007396043006,2022-10-14 18:24:06.564502,Capone,DICE,ClubRoom
4015682259000,2022-10-14 18:24:50.376764,Flussgeister am NIAGARA,DICE,ClubRoom
4006592696573,2022-10-14 18:24:55.153196,中古ボードゲーム 王と枢機卿 (Kardinal＆Konig) [日本語訳付き],DICE,ClubRoom
4542325457207,2022-10-14 18:25:18.194800,中古ボードゲーム [特典付き] 戦国大名カードゲーム くにとりっ! 初回生産版,DICE,ClubRoom
4542325405154,2022-10-14 18:25:49.599298,中古ボードゲーム シティビルダー 完全日本語版 (Suburbia),DICE,ClubRoom
718122690442,2022-10-14 18:26:24.958154,CONTAINER -The second shipment-,DICE,ClubRoom
29877035007,2022-10-14 18:26:53.851068,More Cosmic Encounter,DICE,ClubRoom
4573454890184,2022-10-14 18:27:12.421189,Psylent Phantom,DICE,ClubRoom
4981932020921,2022-10-14 18:27:16.853159,ホビージャパン なんてったってホノルル ボードゲーム 4981932020921【倉庫取寄せ】,DICE,ClubRoom
4542325508336,2022-10-14 18:27:21.398832,中古ボードゲーム ヴォーパルス (Vorpals),DICE,ClubRoom
4977524481751,2022-10-14 18:27:35.714103,ブロックス トライゴン,DICE,ClubRoom
4981932022116,2022-10-14 18:27:52.649068,ホビージャパン ミステリウム ボードゲーム 4981932022116【倉庫取寄せ】,DICE,ClubRoom
4542325457122,2022-10-14 18:28:04.738774,えるあらめいん,DICE,ClubRoom
4981932021171,2022-10-14 18:28:09.388013,ホビージャパン 斬−サムライソード ボードゲーム 4981932021171【倉庫取寄せ】,DICE,ClubRoom
4001504481261,2022-10-14 18:28:33.844187,ATTILA,DICE,ClubRoom
4015566008472,2022-10-14 18:29:00.898163,MELTDOWN 2020,DICE,ClubRoom
4001504490973,2022-10-14 18:29:40.362073,abalone,DICE,ClubRoom
4571345800120,2022-10-14 18:29:52.343434,ファイアドラゴン ボードゲーム,DICE,ClubRoom
655132003636,2022-10-14 18:30:34.774998,中古ボードゲーム [日本語訳無し] レース・フォー・ザ・ギャラクシー 嵐の予兆 (Race,DICE,ClubRoom
4981932020471,2022-10-14 18:30:54.878991,中古ボードゲーム ル・アーブル 日本語版 (Le Havre),DICE,ClubRoom
681706070629,2022-10-14 18:31:30.791423,中古ボードゲーム [日本語訳無し] 海賊と商人 (Merchants ＆ Marauders),DICE,ClubRoom
4981932020631,2022-10-14 18:31:42.379398,エンデバー 日本語版 新品  ボードゲーム アナログゲーム テーブルゲーム ボドゲ,DICE,ClubRoom
4905040028204,2022-10-14 18:32:16.571502,魔法帝国の興亡,DICE,ClubRoom
4542325401088,2022-10-14 18:32:21.627271,ディセント第2版 拡張セット トロール沼 完全日本語版 新品  ボードゲーム アナログゲーム テーブルゲーム ボドゲ,DICE,ClubRoom
4542325401057,2022-10-14 18:32:32.221524,ディセント第2版 完全日本語版 新品  ボードゲーム アナログゲーム テーブルゲーム ボドゲ,DICE,ClubRoom
4010350060902,2022-10-14 18:32:46.757403,ESCAPE,DICE,ClubRoom
4002051688714,2022-10-14 18:33:15.113659,ENTDECKER,DICE,ClubRoom
8032611690082,2022-10-14 18:33:39.822362,中古ボードゲーム [日本語訳無し] タブラの狼 (Lupus in Tabula),DICE,ClubRoom
4001504490621,2022-10-14 18:33:48.261657,中古ボードゲーム [日本語訳無し] カピトール ドイツ語版 (Capitol),DICE,ClubRoom
4260071877062,2022-10-14 18:34:15.594922,Chocolati,DICE,ClubRoom
80742013131,2022-10-14 18:34:20.674692,中古ボードゲーム ハッカー (Hacker) [日本語訳付き],DICE,ClubRoom
4005556810246,2022-10-14 18:35:11.302683,ラッツィア,DICE,ClubRoom
4542325401064,2022-10-14 18:35:18.884624,ディセント第2版 拡張セット 竜の棲み家 完全日本語版 新品  ボードゲーム アナログゲーム テーブルゲーム ボドゲ,DICE,ClubRoom
4006592680169,2022-10-14 18:35:30.354153,FOSSIL,DICE,ClubRoom
4542325313152,2022-10-14 18:36:03.711774,アークライト サイズ 大鎌戦役 拡張 彼方よりの侵攻 完全日本語版 (1-7人用 115分 14才以上向け) ボードゲーム,DICE,ClubRoom
4001504481308,2022-10-14 18:36:08.986618,中古ボードゲーム 利益・廃液 ドイツ語版 (Mull + Money) [日本語訳付き],DICE,ClubRoom
4001504482237,2022-10-14 18:36:21.265257,STONE AGE,DICE,ClubRoom
4002051685218,2022-10-14 18:37:02.131167,カタンの開拓者たち SEEFAHRER,DICE,ClubRoom
4972825128336,2022-10-14 18:37:08.909875,ラミィキューブ (Rummikub) ボードゲーム,DICE,ClubRoom
4542325313107,2022-10-14 18:37:15.091925,アークライト　ふたつの街の物語 完全日本語版 (Between 2 Cities),DICE,ClubRoom
7350023020510,2022-10-14 18:37:23.302083,ペンタゴ,DICE,ClubRoom
4002051686819,2022-10-14 18:37:42.982582,Durch die Wiiste,DICE,ClubRoom
4542325401156,2022-10-14 18:37:50.420015,中古ボードゲーム ダンジョンクエスト 完全日本語版 (Dungeon Quest 3rd Edition),DICE,ClubRoom
9781589946682,2022-10-14 18:38:42.209231,WARHAMMER INVASION The card game,DICE,ClubRoom
29877004744,2022-10-14 18:39:15.511738,SIMPLY COSMIC,DICE,ClubRoom
4981932021522,2022-10-14 18:39:21.793539,中古ボードゲーム ライナー・クニツィアのブルームーン：レジェンド 日本語版 (Blue Moon Legends),DICE,ClubRoom
4751010195168,2022-10-14 18:39:27.796476,Icecool (アイスクール) (並行輸入品) 新品 XBOX360,DICE,ClubRoom
8852031700754,2022-10-14 18:39:33.993570,中古ボードゲーム チェスセット (Chess) [日本語訳付き],DICE,ClubRoom
4979817521021,2022-10-14 18:39:46.777505,トレインレイダー,DICE,ClubRoom
700304004239,2022-10-14 18:39:56.891658,中古おもちゃ ドンキーコング ジェンガ コレクターズエディション,DICE,ClubRoom
4534966922022,2022-10-14 18:40:03.250194,ホビーベース クトゥルフ・ダイス 日本語版 (2人以上用 5-10分 10才以上向け) ボードゲーム,DICE,ClubRoom
4562283110815,2022-10-14 18:40:07.826697,中古ボードゲーム ごろごろどうぶつしょうぎ,DICE,ClubRoom
4542325400708,2022-10-14 18:40:15.011709,アークライト　ジャスト・ワン 完全日本語版,DICE,ClubRoom
4011898060812,2022-10-14 18:40:26.237969,Shanghaien (シャンハイ) (並行輸入品) 新品 ボードゲーム アナログゲーム テーブルゲーム ボドゲ,DICE,ClubRoom
4001504481124,2022-10-14 18:41:17.375212,中古ボードゲーム エルグランデ ドイツ語版 (El Grande) [日本語訳付き],DICE,ClubRoom
9781589948419,2022-10-14 18:41:39.880075,INVASION,DICE,ClubRoom
4005556272082,2022-10-14 18:41:48.124162,中古ボードゲーム トーレス ドイツ語版 (Torres) [日本語訳付き],DICE,ClubRoom
4904810305323,2022-10-14 18:42:03.673650,モノポリーキャッシュカードエディション,DICE,ClubRoom
4002051680107,2022-10-14 18:42:23.016384,Fluss der Drachen,DICE,ClubRoom
4002051685911,2022-10-14 18:42:39.983725,Barbarrossa,DICE,ClubRoom
4542325457214,2022-10-14 18:42:51.570961,(ワケアリ) けもぱに ~kemomimi panic~ 新品  カードゲーム アナログゲーム テーブルゲーム,DICE,ClubRoom
4542325315248,2022-10-14 18:42:56.316340,アークライト (再生産)テラフォーミング・マーズ拡張 コロニーズ 完全日本語版ボードゲーム 返品種別B,DICE,ClubRoom
4542325315224,2022-10-14 18:43:01.479917,アークライト テラフォーミング・マーズ拡張 ヴィーナス・ネクスト 完全日本語版ボードゲーム 返品種別B,DICE,ClubRoom
4542325311905,2022-10-14 18:43:11.059269,アークライト 翠色の習作 完全日本語版 (2-5人用 60分 13才以上向け) ボードゲーム,DICE,ClubRoom
4542325400012,2022-10-14 18:43:26.777904,Rune Bound,DICE,ClubRoom
759751003173,2022-10-14 18:43:32.920417,Gamewright 禁断の島 Forbidden Island カードゲーム ボードゲーム 輸入版【新品】,DICE,ClubRoom
681706070155,2022-10-14 18:43:44.569389,Ubongo,DICE,ClubRoom
4542325315200,2022-10-14 18:43:54.818457,アークライト (再生産)テラフォーミング・マーズ 完全日本語版 返品種別B,DICE,ClubRoom
4001504481551,2022-10-14 18:44:23.410034,EUPHRAT & TIGRIS,DICE,ClubRoom
4571398990205,2022-10-14 18:44:29.336219,グループSNE　王への請願,DICE,ClubRoom
4582208130018,2022-10-14 18:44:47.771612,Shadow Hunters,DICE,ClubRoom
728028379730,2022-10-14 18:45:02.485775,中古ボードゲーム サグラダ (Sagrada),DICE,ClubRoom
4001504481469,2022-10-14 18:45:15.061107,中古ボードゲーム あやつり人形拡張セット 暗黒の王 (Ohne Furcht und Adel Die dunkl,DICE,ClubRoom
29877041251,2022-10-14 18:45:51.271647,ポンペイ滅亡（The Downfall of Pompeii） 新品  ボードゲーム アナログゲーム テーブルゲーム ボドゲ,DICE,ClubRoom
4002051690618,2022-10-14 18:46:14.660051,カタンの開発者たち Candamir,DICE,ClubRoom
4005556272518,2022-10-14 18:46:30.788412,Take it easy!,DICE,ClubRoom
4542325405208,2022-10-14 18:46:49.526509,中古ボードゲーム サンダーストーン 完全日本語版 (Thunderstone),DICE,ClubRoom
4981932020716,2022-10-14 18:46:56.602488,インジーニアス (日本語版) 新品  ボードゲーム アナログゲーム テーブルゲーム,DICE,ClubRoom
4007396034004,2022-10-14 18:47:04.517697,中古ボードゲーム ツタンカーメン (Tutanchamun) [日本語訳付き],DICE,ClubRoom
5011634440266,2022-10-14 18:47:26.061301,DELUXE MONOPOLY,DICE,ClubRoom
4571398990809,2022-10-14 18:47:35.697107,グループSNE (再生産)シャドウレイダーズボードゲーム 返品種別B,DICE,ClubRoom
4573117060053,2022-10-14 18:47:57.889712,ヘボコン,DICE,ClubRoom
4002051685119,2022-10-14 18:48:26.571948,カタンの開拓者たち TURNIER-SET,DICE,ClubRoom
4005556272501,2022-10-14 18:48:46.533842,BLUFF,DICE,ClubRoom
4001504492434,2022-10-14 18:49:01.759046,DRACO,DICE,ClubRoom
29877041121,2022-10-14 18:49:18.486879,Barbarossa,DICE,ClubRoom
4002051684914,2022-10-14 18:49:51.759365,カタンの開拓者たち Erganzungs-set,DICE,ClubRoom
7612577103003,2022-10-14 18:50:05.707599,Augustus,DICE,ClubRoom
4001504481223,2022-10-14 18:50:20.164914,Morgenland,DICE,ClubRoom
4015682296005,2022-10-14 18:50:26.772155,中古ボードゲーム [日本語訳無し] サフラニート(Safranito),DICE,ClubRoom
4005556264339,2022-10-14 18:50:44.872924,ARKADIA,DICE,ClubRoom
4542325313121,2022-10-14 18:50:52.223252,アークライト (再生産)サイズ-大鎌戦役- 完全日本語版 返品種別B,DICE,ClubRoom
4580215110085,2022-10-14 18:51:07.248646,メビウスゲームズ　ボーナンザ,DICE,ClubRoom
4002051699109,2022-10-14 18:51:36.074594,カタンの開拓者たち　サイコロ,DICE,ClubRoom
4571398990588,2022-10-14 18:51:47.136220,コザイク ロイヤルターフ (2-6人用 45-60分 10才以上向け) ボードゲーム,DICE,ClubRoom
4562526560209,2022-10-14 18:51:58.728689,中古ボードゲーム ナショナルエコノミー,DICE,ClubRoom
321000507000,2022-10-14 18:52:18.637207,サイコロシャッフル,DICE,ClubRoom
4542325310700,2022-10-14 18:52:40.814476,中古ボードゲーム 心臓発作にならないための10の方法 日本語版 (INFARKT),DICE,ClubRoom
8809223671019,2022-10-14 18:53:07.341367,Flying cheese,DICE,ClubRoom
4015682200132,2022-10-14 18:53:13.176940,Villa Paletti (ヴィラパレッティ) (並行輸入品) 新品 ボードゲーム アナログゲーム テーブルゲーム ボドゲ,DICE,ClubRoom
3558380021537,2022-10-14 18:53:19.528387,宝石の煌き Splendor ボードゲーム 輸入版【新品】,DICE,ClubRoom
4015682249001,2022-10-14 18:53:24.744595,メビウスゲームズ/Zoch　ナイアガラ (Niagara) [日本語訳付き],DICE,ClubRoom
9784798604039,2022-10-14 18:53:59.170808,マジック・ザ・ギャザリング　アヴァシンの帰還公式ハンドブック／趣味・就職ガイド・資格,DICE,ClubRoom
9784775304112,2022-10-14 18:54:07.961464,Ｒｏｌｅ ＆ Ｒｏｌｌ ＳＰ３ スピタのコピタの！すぺしゃる／緑一色,DICE,ClubRoom
4005556269075,2022-10-14 18:54:16.734198,プエルトリコ (Puerto Rico) ボードゲーム,DICE,ClubRoom
4981932022284,2022-10-14 18:54:23.437255,【2022年10月下旬 再販予約商品】コードネーム 日本語版 ボードゲーム,DICE,ClubRoom
4005556272235,2022-10-14 18:54:40.675820,送料無料！ ブラフ Bluff,DICE,ClubRoom
4005556269013,2022-10-14 18:54:54.047947,RA,DICE,ClubRoom
853183002022,2022-10-14 18:55:00.197928,中古ボードゲーム ヨミ (Yomi) [日本語訳付き],DICE,ClubRoom
76930413050,2022-10-14 18:55:12.812301,Acquire,DICE,ClubRoom
824968718919,2022-10-14 18:55:31.584511,Memoir '44 Board Game,DICE,ClubRoom
4580218304245,2022-10-14 18:55:48.931772,将棋,DICE,ClubRoom
4981932021683,2022-10-14 18:55:59.143029,ホビージャパン キャメルアップ 日本語版 ボードゲーム 4981932021683,DICE,ClubRoom
4001504490775,2022-10-14 18:56:07.227795,中古ボードゲーム [ボード付き] ダイアモンド ドイツ語版 (Diamant) [日本語訳付き],DICE,ClubRoom
4542325401170,2022-10-14 18:56:13.098952,黄金の島イスラ・ドラーダ 完全日本語版 新品  ボードゲーム アナログゲーム テーブルゲーム ボドゲ,DICE,ClubRoom
4011898030914,2022-10-14 18:56:21.220879,ヴァルドラ [並行輸入品],DICE,ClubRoom
4562365270079,2022-10-14 18:56:44.200724,スペース・アラート 日本語版,DICE,ClubRoom
4005556265305,2022-10-14 18:57:00.547972,Asara,DICE,ClubRoom
4580215111020,2022-10-14 18:57:13.308228,K2,DICE,ClubRoom
4981932021690,2022-10-14 18:57:19.281635,ホビージャパン イスタンブール 日本語版 (2-5人用 40-60分 10才以上向け) ボードゲーム,DICE,ClubRoom
4562323630334,2022-10-14 18:57:24.778157,ハートオブクラウン第二版〜基本セット〜,DICE,ClubRoom
4542325310007,2022-10-14 18:57:30.644223,中古ボードゲーム テーベ 完全日本語版 (Jenseits von Theben),DICE,ClubRoom
4542325315019,2022-10-14 18:57:36.815278,アークライト　ミスカトニック大学：禁断の蔵書 完全日本語版,DICE,ClubRoom
4542325407004,2022-10-14 18:58:10.306798,ロスト・テンプル 完全日本語版 新品  ボードゲーム アナログゲーム テーブルゲーム ボドゲ,DICE,ClubRoom
4001504481193,2022-10-14 18:58:23.615329,SAMURAI,DICE,ClubRoom
29877032037,2022-10-14 18:58:30.444425,カタン アメリカの開拓者たち (CATAN HISTORIES SETTLERS OF AMERICA),DICE,ClubRoom
4542325409008,2022-10-14 18:58:40.594318,中古ボードゲーム ホテルサモア 日本語版 (Hotel Samoa),DICE,ClubRoom
4712946396623,2022-10-14 18:59:01.784013,陰陽百鬼譚,DICE,ClubRoom
803979004105,2022-10-14 18:59:29.042285,SpotIt,DICE,ClubRoom
4562227550141,2022-10-14 18:59:50.078583,中古ボードゲーム ロストレガシー,DICE,ClubRoom
4002051691899,2022-10-14 19:00:04.645955,KASHGAR,DICE,ClubRoom
4001504490096,2022-10-14 19:00:19.165402,Top&Down,DICE,ClubRoom
4542325404515,2022-10-14 19:00:25.796427,ビール侯爵 完全日本語版 新品  ボードゲーム アナログゲーム テーブルゲーム ボドゲ,DICE,ClubRoom
3558380011156,2022-10-14 19:00:41.001312,Mundus Novus,DICE,ClubRoom
655132004169,2022-10-14 19:01:18.464323,Race For The Galaxy,DICE,ClubRoom
753182231518,2022-10-14 19:01:37.727679,Summoner wars,DICE,ClubRoom
4005556269341,2022-10-14 19:01:53.823121,中古ボードゲーム 魔法にかかったみたい (Wie Verhext!) [日本語訳付き],DICE,ClubRoom
681706070216,2022-10-14 19:02:06.441583,PANDEMIC,DICE,ClubRoom
4002051690359,2022-10-14 19:02:12.746113,中古ボードゲーム [日本語訳無し] ケルト ドイツ語版 (Keltis),DICE,ClubRoom
4981932020617,2022-10-14 19:02:25.472303,Loyang,DICE,ClubRoom
857789002004,2022-10-14 19:02:42.325468,Ascension,DICE,ClubRoom
3760171550304,2022-10-14 19:02:49.825409,中古ボードゲーム タケノコ 日本語版 (Takenoko),DICE,ClubRoom
4002051691127,2022-10-14 19:03:00.048270,中古ボードゲーム ローゼンケーニッヒ (Rosenkonig) [日本語訳付き],DICE,ClubRoom
4005556265169,2022-10-14 19:03:18.650570,Seeland,DICE,ClubRoom
4542325404157,2022-10-14 19:03:32.677782,キングダム,DICE,ClubRoom
655132004992,2022-10-14 19:03:38.676579,中古ボードゲーム [日本語訳無し] コンコルディア (Concordia),DICE,ClubRoom
4250231703300,2022-10-14 19:04:14.191860,Langfinger,DICE,ClubRoom
5425016922736,2022-10-14 19:04:29.992795,キャッシュ&amp;ガンズ(第2版)(Cash`n Guns Second Edition) 新品  ボードゲーム アナログゲーム テーブルゲーム ボドゲ,DICE,ClubRoom
4904880105847,2022-10-14 19:04:58.603770,有沢遼のめざせアイドル,DICE,ClubRoom
4904810380511,2022-10-14 19:05:19.419796,Mille Bornes,DICE,ClubRoom
681706043029,2022-10-14 19:05:34.904735,Pocket Battles,DICE,ClubRoom
9781929780730,2022-10-14 19:05:41.371023,裏切者はお前か? Are you the Traitor? 並行輸入,DICE,ClubRoom
4005556269136,2022-10-14 19:06:06.979088,MACAO,DICE,ClubRoom
4542325400104,2022-10-14 19:06:43.036678,RUNE BOUND,DICE,ClubRoom
5011921002177,2022-10-14 19:07:09.394073,Warrior kkighis,DICE,ClubRoom
655132003865,2022-10-14 19:07:17.525908,ボードゲーム レース・フォー・ザ・ギャラクシー 帝国対反乱軍 Race for the Galaxy: Rebel Vs. Imperium カードゲーム 輸入版 日本語説明書なし,DICE,ClubRoom
4015566000742,2022-10-14 19:07:34.515606,DUNGEON FIGHTER,DICE,ClubRoom
4015682050195,2022-10-14 19:07:40.906268,ボードゲーム おばけキャッチ2 日本語版 Zoch社 / Jaques Zeimet作,DICE,ClubRoom
4975430013707,2022-10-14 19:07:59.555125,沈没大作戦 jr.,DICE,ClubRoom
4571394090039,2022-10-14 19:08:09.368283,モダンアート,DICE,ClubRoom
681706200002,2022-10-14 19:08:35.995452,Flicken UP!,DICE,ClubRoom
4015566000568,2022-10-14 19:09:04.012530,Aargh! Tect,DICE,ClubRoom
4542325405529,2022-10-14 19:09:10.601758,アークライト　ミスティック・ベール 完全日本語版,DICE,ClubRoom
8032998040074,2022-10-14 19:09:16.168972,中古ボードゲーム バスコ・ダ・ガマ (Vasco da Gama) [日本語訳付き],DICE,ClubRoom
4010350060490,2022-10-14 19:09:36.176644,EKE ORP,DICE,ClubRoom
5425016922644,2022-10-14 19:09:45.229411,ホビージャパン コンセプト 日本語版 (4-12分用 40分 10才以上向け) ボードゲーム,DICE,ClubRoom
728943119930,2022-10-14 19:09:55.861942,ROBOTS,DICE,ClubRoom
655132003018,2022-10-14 19:10:03.611525,中古ボードゲーム 銀河大競争 (Race for the Galaxy) [日本語訳付き],DICE,ClubRoom
4011898080315,2022-10-14 19:10:15.107067,Coloretto,DICE,ClubRoom
4932131000016,2022-10-14 19:10:30.516187,モンスターメーカー,DICE,ClubRoom
5425016924273,2022-10-14 19:10:35.567220,中古ボードゲーム 世界の七不思議：デュエル 多言語版 (7 Wonders ： Duel),DICE,ClubRoom
4542325404225,2022-10-14 19:10:46.546950,中古ボードゲーム エルドリッチホラー 完全日本語版(Eldritch Horror),DICE,ClubRoom
4260071875136,2022-10-14 19:11:04.873376,中古ボードゲーム ケイラス ドイツ語版 (Caylus) [日本語訳付き],DICE,ClubRoom
4001504481155,2022-10-14 19:11:28.518161,Euphrat&Tigris,DICE,ClubRoom
4975430013523,2022-10-14 19:11:39.229090,勝ち残り大作戦Jr.,DICE,ClubRoom
4542325401095,2022-10-14 19:11:52.657684,ディセント第2版 拡張セット ネレクホールの影 完全日本語版 新品  ボードゲーム アナログゲーム テーブルゲーム ボドゲ,DICE,ClubRoom
32244049163,2022-10-14 19:12:07.232534,Stratego,DICE,ClubRoom
4542325407110,2022-10-14 19:12:20.910310,アークライト ニューヨーク・スライス 完全日本語版 (2-6人用 30分 8才以上向け) ボードゲーム,DICE,ClubRoom
4542325401071,2022-10-14 19:12:41.174185,ディセント第2版 拡張セット 廃墟の迷宮 完全日本語版 新品  ボードゲーム アナログゲーム テーブルゲーム ボドゲ,DICE,ClubRoom
4260070350115,2022-10-14 19:12:54.078844,CUBA,DICE,ClubRoom
4007396083002,2022-10-14 19:13:11.623968,中古ボードゲーム エルフェンランド ドイツ語版 (Elfenland) [日本語訳付き],DICE,ClubRoom
753182231556,2022-10-14 19:13:34.123078,Summoner wars,DICE,ClubRoom
4534966891014,2022-10-14 19:13:41.824614,中古ボードゲーム パラノイア カードゲーム 日本語版 (Paranoia Card Game),DICE,ClubRoom
4560456650021,2022-10-14 19:13:52.559177,AKINDO,DICE,ClubRoom
8710126035542,2022-10-14 19:14:20.481209,UM REIFENBREITE,DICE,ClubRoom
4962514290055,2022-10-14 19:14:36.740206,超大富豪ゲーム,DICE,ClubRoom
4975430504229,2022-10-14 19:14:41.508535,アクションバトルドーム　メガハウス　送料無料,DICE,ClubRoom
4905040052049,2022-10-14 19:14:48.568923,サッカー盤 スーパーサッカーメガスタジアム サッカー日本代表チームモデル,DICE,ClubRoom
4005556269358,2022-10-14 19:15:06.319349,Alea Iacta Est,DICE,ClubRoom
4571394090848,2022-10-14 19:15:20.768264,オインクゲームズ　トリックと怪人,DICE,ClubRoom
9781589949355,2022-10-14 19:15:26.550088,中古ボードゲーム [日本語訳無し] シドマイヤーズ シヴィライゼーション：ボードゲーム (Sid,DICE,ClubRoom
45708008255,2022-10-14 19:15:49.182167,Caizards quest,DICE,ClubRoom
4001504481643,2022-10-14 19:15:57.639492,郵便馬車 (Thurn und Taxis) 新品  ボードゲーム アナログゲーム テーブルゲーム ボドゲ,DICE,ClubRoom
4954736100014,2022-10-14 19:16:13.050782,レジスタ  サッカーゲーム,DICE,ClubRoom
655132003483,2022-10-14 19:16:51.310641,In The Year Of The Dragon,DICE,ClubRoom
18874100108,2022-10-14 19:16:59.784397,Junta,DICE,ClubRoom
3558380005384,2022-10-14 19:17:16.833761,Chromino,DICE,ClubRoom
4902370542905,2022-10-14 19:17:25.674155,任天堂 ニンテンドースイッチ Nintendo Switch Joy-Con L / R グレー 2019年8月発売モデル(バッテリー強化版)【ラッピング可】,DICE,ClubRoom
9781616614607,2022-10-14 19:17:41.131964,Netrunner,DICE,ClubRoom
73000000264,2022-10-14 19:18:01.477522,PayDay,DICE,ClubRoom
4002051687014,2022-10-14 19:18:45.274564,カタンの開拓者たち ,DICE,ClubRoom
4001504481698,2022-10-14 19:19:06.080520,Thurn und Taxis,DICE,ClubRoom
4975430012724,2022-10-14 19:19:29.760842,オセロ,DICE,ClubRoom
4975430019426,2022-10-14 19:20:26.957910,3Dアクションピンボールドラえもんバトルドーム,DICE,ClubRoom
